feature	metadata	value	coef	stderr	N	N.not.0	pval	qval
Phocaeicola_vulgatus	Group	CTR	2.70485912916592	0.768559440050332	44	44	0.00105482453770112	0.118843564580992
Desulfovibrio_SGB5077	Group	CTR	3.47621475205006	0.894772307113861	44	17	0.000356741352289587	0.118843564580992
Bifidobacterium_adolescentis	Group	CTR	-2.9685992296738	0.833475759427883	44	11	0.000932527266349142	0.118843564580992
Phocaeicola_coprocola	Group	CTR	3.87076292293653	1.21311880122035	44	42	0.00268496575137842	0.196723067455327
Megamonas_funiformis	Group	CTR	5.38543368297039	1.70333051470825	44	26	0.00291010454815573	0.196723067455327
Clostridium_sp_AF34_10BH	Group	CTR	2.97724279615065	0.973672443765488	44	39	0.00387082705699494	0.218056590877382
GGB9758_SGB15368	Group	CTR	4.48787407751792	1.51215075424882	44	20	0.00493458908482749	0.238270158667384
