feature	metadata	value	coef	stderr	N	N.not.0	pval	qval
Clostridium_fessum	Group	CTR	3.21065489946696	0.806157483701735	43	34	0.000272445793249006	0.0942662444641559
Blautia_SGB4815	Group	CTR	3.33259589466751	0.933140477277138	43	12	0.000924139616667737	0.159876153683518
Clostridiales_Family_XIII_bacterium_BX16	Group	CTR	2.97669731382801	0.877336326435272	43	13	0.00154383248826283	0.178055346979646
Clostridium_sp_AM22_11AC	Group	CTR	3.89290067037646	1.20685185286537	43	31	0.00247041046946663	0.213690505608863
