,ALL,ancom,lefse,maaslin2,RFECV,metagenomeSeq,ttest,wilcoxon
All_data,0.8121971766941163,0.8032230963302673,0.8233072818609829,0.8228405020939031,0.8206599646846726,0.8039009415368741,0.8112924093438377,0.8117885940323963
