"","variable","1","2","3","4","5","6","7"
"1","ancom",0,0,1.51515151515152,6.06060606060606,19.6969696969697,10.6060606060606,62.1212121212121
"2","lefse",9.02255639097744,15.0375939849624,12.781954887218,9.02255639097744,16.5413533834586,6.76691729323308,30.8270676691729
"3","maaslin2",0.862068965517241,6.89655172413793,10.3448275862069,18.1034482758621,18.1034482758621,10.3448275862069,35.3448275862069
"4","metagenomeSeq",5.33333333333333,16,12,13.3333333333333,18.6666666666667,7.33333333333333,27.3333333333333
"5","RFECV",32.7956989247312,11.8279569892473,10.752688172043,4.3010752688172,12.3655913978495,5.91397849462366,22.0430107526882
"6","ttest",0,5.26315789473684,9.64912280701754,20.1754385964912,19.2982456140351,9.64912280701754,35.9649122807018
"7","wilcoxon",14.3617021276596,18.0851063829787,10.6382978723404,12.7659574468085,16.4893617021277,5.85106382978723,21.8085106382979
