,AT-CRC,JPN-CRC,FR-CRC,CHN_WF-CRC,ITA-CRC,CHN_HK-CRC,CHN_SH-CRC,IND-CRC,US-CRC,DE-CRC
ANCOM-II,-0.52492805973319,-0.622846622968122,-0.929087977943827,-0.843664718684674,-0.697229564245542,-0.490084571909918,-1.19193380327623,-0.59500112295989,-0.408901615826236,-1.11824778586818
LEfSe,-0.0694628420752462,-0.230683934432638,0.436671349633598,0.790935673766882,0.411999287963275,-0.167345951383875,0.969178961352473,0.142064874864019,-0.32260077228502,0.482218376062113
MaAsLin2,-0.46337870599563,-0.346025901648957,-0.690622063604911,-0.87002924114357,-0.660255269171915,-0.460201366305655,-0.863663509914905,-0.536503821545294,-0.3945181419027,-0.361663782046585
metagenomeSeq,-0.46337870599563,-0.357560098370588,-0.278726393383148,-0.105458089835584,-0.549332383951033,-0.364575108372012,-0.0156319187314913,-0.466307059847779,-0.408901615826236,-0.507160705858429
RFECV,2.2324829877095,2.24916836071822,2.01921787206458,1.76642300474604,2.03886827120287,2.25319370256145,0.941823103572362,2.18947042437487,2.26642453395145,1.90808822941819
t-test,-0.518773124359434,-0.42676527870038,-0.560549746692775,-0.87002924114357,-0.660255269171915,-0.466178007426508,-0.918375225475125,-0.536503821545294,-0.3945181419027,-0.652657629670274
Wilcoxon,-0.192561549550366,-0.265286524597533,0.00309695992647938,0.13182261229448,0.116204927374257,-0.304808697163486,1.07860239247291,-0.197219473340638,-0.336984246208556,0.249423297963162
