,Sparsity,Number of Features
AT-CRC,0.639756944444444,574
JPN-CRC,0.743004792072774,576
FR-CRC,0.638348509933775,576
CHN_WF-CRC,0.710985195360195,570
ITA-CRC,0.675725385038504,575
CHN_HK-CRC,0.677944553805774,572
CHN_SH-CRC,0.713454861111111,571
IND-CRC,0.860300925925926,355
US-CRC,0.633311170212766,574
DE-CRC,0.638888888888889,568
