Comparison,KL_Divergence,JS_Divergence,Ratio
target_vs_TL,5.608364467587804,0.4385114679373623,S0.5
target_vs_Raw,10.515880026660417,0.4865739971978668,S0.5
