Comparison,KL_Divergence,JS_Divergence,Ratio
target_vs_TL,7.75234586988174,0.38756277630642133,S0.5
target_vs_Raw,10.042167919998715,0.493719377754695,S0.5
