Comparison,KL_Divergence,JS_Divergence,Ratio
target_vs_TL,8.174309683824477,0.4042579602588113,S0.5
target_vs_Raw,9.634102163694807,0.484176090615828,S0.5
