Comparison,KL_Divergence,JS_Divergence,Ratio
target_vs_TL,4.156930974031326,0.32027560922617737,S0.5
target_vs_Raw,10.515880026660417,0.4865740033855069,S0.5
