,study_name,target_name,AUC,f1,mcc,accuracy,precision,recall
0,FR-CRC_AT-CRC_ITA-CRC_JPN-CRC_US-CRC-2_US-CRC-3_CHN_SH-CRC-2_CHN_SH-CRC-3_CHN_WF-CRC,CHN_WF-CRC,0.5593589743589744,0.42779254273791895,0.09014268949082015,0.5488000000000001,0.5473716838716838,0.35833333333333334
,study_name,target_name,AUC,f1,mcc,accuracy,precision,recall
0,FR-CRC_AT-CRC_ITA-CRC_JPN-CRC_US-CRC-2_US-CRC-3_CHN_SH-CRC-2_CHN_SH-CRC-3_CHN_WF-CRC,CHN_WF-CRC,0.5593589743589744,0.42779254273791895,0.09014268949082015,0.5488000000000001,0.5473716838716838,0.35833333333333334
