feature	metadata	value	coef	stderr	N	N.not.0	pval	qval
Blautia_massiliensis	Group	CTR	3.35877517689199	0.845413874731591	49	40	0.000242585503384986	0.0834494131644352
