feature	metadata	value	coef	stderr	N	N.not.0	pval	qval
Phascolarctobacterium_succinatutens	Group	CTR	-0.00519905877285503	0.00143745315928037	300	113	0.000350109803955067	0.102232062754879
GGB42994_SGB4746	Group	CTR	-0.000521503333635237	0.00016261572416934	300	48	0.0014873308427365	0.217150303039529
