feature	metadata	value	coef	stderr	N	N.not.0	pval	qval
Bacteroides_salyersiae	Group	CTR	-2.20701650145852	0.60069224295763	86	20	0.000419132615939683	0.147115548194829
