,ALL,ancom,lefse,maaslin2,RFECV,metagenomeSeq,ttest,wilcoxon
All_data,0.8191841191394585,0.8060373864994986,0.8270991552339235,0.8239165912332768,0.8170966596854607,0.8116667682543895,0.8100370241380586,0.8191948070371857
