"","variable","1","2","3","4","5","6","7"
"1","ancom",0,0,1.51515151515152,6.06060606060606,16.6666666666667,12.1212121212121,63.6363636363636
"2","lefse",2.18978102189781,13.8686131386861,20.4379562043796,9.48905109489051,14.5985401459854,8.75912408759124,30.6569343065693
"3","maaslin2",0.909090909090909,4.54545454545455,6.36363636363636,13.6363636363636,23.6363636363636,12.7272727272727,38.1818181818182
"4","metagenomeSeq",2.91970802919708,8.02919708029197,12.4087591240876,13.1386861313869,22.6277372262774,10.2189781021898,30.6569343065693
"5","RFECV",45.8762886597938,13.4020618556701,11.0824742268041,5.41237113402062,9.5360824742268,3.8659793814433,10.8247422680412
"6","ttest",0.869565217391304,2.60869565217391,6.95652173913043,15.6521739130435,25.2173913043478,12.1739130434783,36.5217391304348
"7","wilcoxon",8.55614973262032,14.9732620320856,19.7860962566845,8.02139037433155,19.2513368983957,6.95187165775401,22.4598930481283
