,AT-CRC,JPN-CRC,FR-CRC,CHN_WF-CRC,ITA-CRC,CHN_HK-CRC,CHN_SH-CRC,IND-CRC,US-CRC,DE-CRC
ANCOM-II,-0.494730044724413,-0.914564960954127,-0.542236220233903,-0.503936678707702,-0.43669600603391,-0.9609864792358,-0.60031693634147,-0.489310285226597,-0.462986517179509,-1.48743738368693
LEfSe,-0.141153747026266,0.00385892388588248,-0.146221003209142,-0.116692026801955,-0.248300313569977,1.86328676126636,-0.0945521474772597,-0.129066819809353,-0.202223996009441,1.44259002538481
MaAsLin2,-0.451138446378066,-0.293278215327062,-0.475218260429712,-0.503936678707702,-0.430618725631848,-0.704234366462876,-0.537876838950826,-0.455001383758288,-0.425734728440927,-0.127067515189335
metagenomeSeq,-0.446294935450694,-0.347303149729415,-0.365552508022856,-0.334517143498938,-0.412386884425661,0.11737239441048,-0.338068527300768,-0.426410632534697,-0.462986517179509,-0.440999023304164
RFECV,2.24669714016807,2.16485629998002,2.24814792434056,2.24308007074869,2.26161649248178,-0.242080563471614,2.21573145597654,2.2496836819934,2.25639406073692,0.396151665002045
t-test,-0.480199511942297,-0.509377952936476,-0.438663009627427,-0.509987376393729,-0.430618725631848,-0.755584789017461,-0.55660886816802,-0.455001383758288,-0.425734728440927,-0.702608613399854
Wilcoxon,-0.233180454646332,-0.104190944918825,-0.280256922817523,-0.274010166638665,-0.302995837188538,0.682227042510912,-0.0883081377381954,-0.294893176906179,-0.276727573486603,0.919370845193427
