feature	metadata	value	coef	stderr	N	N.not.0	pval	qval
t__SGB4874	Group	CTR	0.00789955466251038	0.00227381915408698	104	97	0.000753658482666908	0.209140228940067
t__SGB15143	Group	CTR	-0.00014478857810281	3.98115799278362e-05	104	51	0.000434775072517936	0.209140228940067
