feature	metadata	value	coef	stderr	N	N.not.0	pval	qval
t__SGB4874	Group	CTR	0.00706423183642177	0.00170103003451382	104	97	6.82880064111198e-05	0.0378998435581715
