feature	metadata	value	coef	stderr	N	N.not.0	pval	qval
t__SGB5190	Group	CTR	-0.00423865292097526	0.00107207613452599	101	62	0.000144575272204655	0.0764803189962622
