feature	metadata	value	coef	stderr	N	N.not.0	pval	qval
Phocaeicola_vulgatus	Group	CTR	2.02330616895768	0.530315884884476	371	334	0.000167763518042424	0.0593882853870182
Phascolarctobacterium_faecium	Group	CTR	2.24495948290318	0.643421431611156	371	195	0.000543368947566282	0.0961763037192319
GGB9712_SGB15244	Group	CTR	-1.04403041256367	0.346140981233298	371	57	0.00274846693423989	0.171640066828243
Klebsiella_pneumoniae	Group	CTR	-1.15260966299441	0.379518864658608	371	108	0.0025601047814714	0.171640066828243
Enterococcus_faecalis	Group	CTR	-0.776239120775686	0.253289569238692	371	32	0.00234050177082848	0.171640066828243
Megasphaera_micronuciformis	Group	CTR	-1.05302663660165	0.351202992558955	371	51	0.00290915367505497	0.171640066828243
