feature	metadata	value	coef	stderr	N	N.not.0	pval	qval
Evtepia_gabavorous	Group	CTR	3.36610638848274	0.798130901276628	30	13	0.000233934282306098	0.0793037217017671
