,ALL,ancom,lefse,maaslin2,RFECV,metagenomeSeq,ttest,wilcoxon
All_data,0.8121466125963042,0.8003480449371442,0.8160460904269026,0.7934416251067338,0.804233496428529,0.813805863488304,0.80719102402177,0.8109009065615792
