"","variable","1","2","3","4","5","6","7"
"1","ancom",0,0,1.28205128205128,14.1025641025641,10.2564102564103,8.97435897435897,65.3846153846154
"2","lefse",0,13.5714285714286,14.2857142857143,15,10,10.7142857142857,36.4285714285714
"3","maaslin2",0,3.84615384615385,3.84615384615385,8.65384615384615,19.2307692307692,15.3846153846154,49.0384615384615
"4","metagenomeSeq",0,8.21917808219178,16.4383561643836,10.2739726027397,17.8082191780822,12.3287671232877,34.9315068493151
"5","RFECV",53.6121673003802,13.3079847908745,8.17490494296578,6.08365019011407,5.70342205323194,3.42205323193916,9.6958174904943
"6","ttest",0.826446280991736,4.95867768595041,2.47933884297521,16.5289256198347,19.0082644628099,14.0495867768595,42.1487603305785
"7","wilcoxon",1.51515151515152,18.6868686868687,18.6868686868687,12.1212121212121,14.6464646464646,8.58585858585858,25.7575757575758
