,AT-CRC,JPN-CRC,FR-CRC,CHN_WF-CRC,ITA-CRC,CHN_HK-CRC,CHN_SH-CRC,IND-CRC,US-CRC,DE-CRC
ANCOM-II,-0.603111066939155,-0.491766350299848,-0.552427530941963,-0.975529733252338,-0.455969058552009,-0.575824975806989,-0.995146114635275,-0.754478573728647,-0.39990945369061,-1.21363137736204
LEfSe,0.273948336743489,-0.276244401994523,-0.128387413083075,1.72673979522205,-0.193207228200004,1.81744757989081,0.51534352365041,0.625139389660879,-0.333708226559394,1.58653487319954
MaAsLin2,-0.588245653317415,-0.378018655360927,-0.470151090163373,-0.902495421671949,-0.448240769424009,-0.407876024529951,-0.764130052309229,-0.668252451016802,-0.390452135529008,0.067800635606818
metagenomeSeq,-0.513918585208717,-0.366045213788408,-0.381545692401814,0.156502096243691,-0.417327612912009,0.179945304939684,-0.266556994991591,-0.517356736271072,-0.39990945369061,-0.169501589017045
RFECV,2.13212503946096,2.2621252113793,2.2449714555301,0.375605030984857,2.25666042537605,-1.12165906745736,1.8303580322756,1.96164429169448,2.26705426788123,-0.881408262888632
t-test,-0.632841894182634,-0.431899142437258,-0.451164219214467,-0.902495421671949,-0.448240769424009,-0.617812213626249,-0.746359585976456,-0.689808981694763,-0.390452135529008,-0.406803813640907
Wilcoxon,-0.0679561765565245,-0.318151447498336,-0.261295509725413,0.521673654145636,-0.293674986864006,0.72577939659006,0.426491191986546,0.0431130613559226,-0.352622862882599,1.01700953410227
