feature	metadata	value	coef	stderr	N	N.not.0	pval	qval
Anaerotignum	Group	CTR	-0.00330026060576714	0.000960372866936584	101	67	0.000863025276999007	0.153236504157493
Parvimonas	Group	CTR	-0.000232587779038755	6.87952194952485e-05	101	17	0.00103538178484793	0.153236504157493
