feature	metadata	value	coef	stderr	N	N.not.0	pval	qval
t__SGB4874	Group	CTR	0.00777951639980304	0.00225671548272275	104	97	0.000823972557430453	0.228652384686951
t__SGB15143	Group	CTR	-0.000140909908522555	3.90531273709442e-05	104	51	0.00047963423872127	0.228652384686951
