feature	metadata	value	coef	stderr	N	N.not.0	pval	qval
Megamonas_funiformis	Group	CTR	9.32367043883566	1.42454209817482	14	3	2.74928021654108e-05	0.00921008872541263
Blautia_faecis	Group	CTR	-13.0915033669598	2.16478683281444	14	14	5.78083385607493e-05	0.00968289670892551
Enterocloster_aldenensis	Group	CTR	3.93884281453596	0.763039881575575	14	4	0.000236236973771677	0.026379795404504
Bacteroides_faecis	Group	CTR	1.38356453081562	0.287819798982611	14	2	0.000428367025085843	0.0358757383509393
Faecalibacterium_prausnitzii	Group	CTR	-7.63403705374814	1.87395616890735	14	14	0.00154319032180588	0.103393751560994
