feature	metadata	value	coef	stderr	N	N.not.0	pval	qval
t__SGB5190	Group	CTR	-0.00365146752078554	0.00098682171941275	101	62	0.000354081622747459	0.187309178433406
