feature	metadata	value	coef	stderr	N	N.not.0	pval	qval
Anaerotignum_faecicola	Group	CTR	-0.00365736552055404	0.000988231438852559	101	62	0.000353237788290919	0.178385083086914
