feature	metadata	value	coef	stderr	N	N.not.0	pval	qval
Blautia_massiliensis	Group	CTR	-9.99502529403589	0.454906878739864	6	5	2.53940435237798e-05	0.00535814318351753
