"","Df","SumOfSqs","R2","F","Pr..F."
"Group",1,1.25577586911935,0.0134696274322194,17.544793076518,0.001
"Study",9,18.4652386897685,0.19806073019432,35.0433231017653,0.001
