"","Df","SumOfSqs","R2","F","Pr..F."
"Group",1,1.54758482590341,0.0198514332726086,26.025739996207,0.001
"Study",9,0.79682505334107,0.0102211646893792,1.46524622389125,0.09
