"","Df","SumOfSqs","R2","F","Pr..F."
"Group",1,1.00571274682599,0.0124851732765408,16.2462853480252,0.001
"Study",9,12.5731858759744,0.156086720383247,26.2431838204362,0.001
