"","Df","SumOfSqs","R2","F","Pr..F."
"Group",1,2.50803105671236,0.0172058685980432,22.4966149492022,0.001
"Study",9,1.57166769118941,0.0107821263624393,1.54653890734959,0.009
