"","Df","SumOfSqs","R2","F","Pr..F."
"Group",1,3.02207701177088,0.0162896574980825,21.2788348161493,0.001
"Study",9,20.8121322813664,0.112181954777381,17.9286431520492,0.001
