"","Df","SumOfSqs","R2","F","Pr..F."
"Group",1,2.92134638747119,0.0155595264578369,20.3100055673037,0.001
"Study",9,20.173988258985,0.10744966958454,17.0812935800853,0.001
