"","Df","SumOfSqs","R2","F","Pr(>F)"
"Study",9,37.8505788045883,0.0715777341501979,12.8150847623059,0.001
"Group",2,3.40709808493825,0.00644302857841095,4.87333501343959,0.001
"Gender",1,0.626859981111781,0.00133553212116478,1.79735559697838,0.005
"Age",1,0.972168630872907,0.00183842968872507,2.77009086913679,0.001
"BMI",2,2.00679975637413,0.00379497973322979,2.86279150526513,0.001
