"","Df","SumOfSqs","R2","F","Pr(>F)"
"Study",9,24.8240622496177,0.138807494236938,25.3053486292124,0.001
"Group",2,1.23070002303772,0.00688164510052491,4.91982450759079,0.001
"Gender",1,0.140681990010357,0.000896538354341007,1.1369333993489,0.262
"Age",1,0.469320086166074,0.00262427416192851,3.73890549719058,0.001
"BMI",2,1.05635918387145,0.00590679196067641,4.21874152057818,0.001
