"","Df","SumOfSqs","R2","F","Pr(>F)"
"Study",9,29.1427877807057,0.176551567566701,35.6388970357667,0.001
"Group",2,1.40203663660937,0.00849375728368757,6.43773919285097,0.001
"Gender",1,0.14112472720522,0.000992774038782502,1.33561427129805,0.202
"Age",1,1.06151201696166,0.00643080586509811,9.73453291245496,0.001
"BMI",2,2.09197018634171,0.0126734826633833,9.64637539283815,0.001
