"","Df","SumOfSqs","R2","F","Pr(>F)"
"Study",9,128.674462897004,0.240791393889031,49.7942838585954,0.001
"Group",2,2.61829368597948,0.00489967140381614,3.49589543560603,0.001
"Gender",1,0.530108788690653,0.00109467576651177,1.38847412514764,0.082
"Age",1,1.27508994034566,0.00238610425998415,3.39876395859777,0.001
"BMI",2,3.67156045289766,0.00687067300921027,4.9119260744422,0.001
