"","Df","SumOfSqs","R2","F","Pr(>F)"
"Study",9,35.0697485711783,0.132510818304175,25.3907981237837,0.001
"Group",2,1.99896990644486,0.00755309487123388,5.71934958575522,0.001
"Gender",1,0.34496895153376,0.00149573961113104,2.01328538806355,0.046
"Age",1,0.891190271064136,0.00336735667904049,5.08161605905368,0.001
"BMI",2,1.74577583492012,0.00659640270848814,4.99011343319523,0.001
