"","Df","SumOfSqs","R2","F","Pr(>F)"
"Study",9,37.7244625900071,0.0688824679633353,12.2968331097494,0.001
"Group",2,3.35836238314411,0.00613215599067203,4.63674849203269,0.001
"Gender",1,0.659113951898183,0.00135663712161352,1.82579723575514,0.004
"Age",1,0.979162483473475,0.00178788838244783,2.69380034153681,0.001
"BMI",2,2.07148272318353,0.00378239562660037,2.85326248091955,0.001
