"","Df","SumOfSqs","R2","F","Pr(>F)"
"Study",9,28.7610164823607,0.187523820826121,38.3649724340397,0.001
"Group",2,1.36637888536516,0.00890888503321705,6.75520847817004,0.001
"Gender",1,0.109266116209943,0.000825634144563668,1.11056921415668,0.286
"Age",1,1.07980065026636,0.00704037507828227,10.6638012784974,0.001
"BMI",2,2.15256379863201,0.0140348651564186,10.6973368452038,0.001
