"","Df","SumOfSqs","R2","F","Pr(>F)"
"Study",9,42.8476527045052,0.106176754714765,19.7454431959866,0.001
"Group",2,3.42262488703876,0.00848128614227577,6.42820599030551,0.001
"Gender",1,0.510204932223791,0.00143697116123001,1.93406844126707,0.015
"Age",1,0.989748031404719,0.00245260188894387,3.6977824291422,0.001
"BMI",2,2.25428174021837,0.00558612442646066,4.22155463595473,0.001
