"","Df","SumOfSqs","R2","F","Pr..F."
"Group",1,4.82947157467283,0.0177622039712381,23.2371755549637,0.001
"Study",9,27.4904481856675,0.101106495893944,15.9594971999577,0.001
