"","Df","SumOfSqs","R2","F","Pr..F."
"Group",1,4.80319934188563,0.0173061494747375,22.6300409462733,0.001
"Study",9,27.6446788263061,0.099605056941348,15.6962796893471,0.001
