"","Df","SumOfSqs","R2","F","Pr(>F)"
"Study",9,6.3671400058884,0.0208304689476299,3.01848862764055,0.001
"Group",1,3.78041588411424,0.0123678504965089,16.0917077233701,0.001
"Gender",1,0.417331351939576,0.00157689605340739,1.77680990460955,0.02
"Age",1,0.795583775768015,0.00260279860676025,3.35332423733989,0.001
"BMI",1,0.597038735682906,0.0019532469574524,2.51483443303115,0.002
