"","Df","SumOfSqs","R2","F","Pr(>F)"
"Study",9,35.3593487561122,0.110640406993786,17.6516276858252,0.001
"Group",1,3.05138621770107,0.00954787418032735,12.3872906139377,0.001
"Gender",1,0.402485927395192,0.00147487763722796,1.66168812854229,0.046
"Age",1,0.866107711814853,0.00271007564071968,3.49191054001887,0.001
"BMI",1,2.24915385373211,0.0070376663180355,9.10749674173655,0.001
