"","Df","SumOfSqs","R2","F","Pr(>F)"
"Study",9,35.6664065005613,0.109353651600986,17.4211325847768,0.001
"Group",1,3.04567472477199,0.00933807707085387,12.1125368385693,0.001
"Gender",1,0.410292946112181,0.00147322499450725,1.65982341215791,0.052
"Age",1,0.85950251500673,0.00263524553769492,3.395237801203,0.001
"BMI",1,2.28206122029096,0.0069968284472923,9.05427576904107,0.001
