"","Df","SumOfSqs","R2","F","Pr..F."
"Group",1,5.95437178416684,0.0228953710191468,30.1099297731197,0.001
"Study",9,4.56221921768825,0.0175423546674403,2.53350892436221,0.001
