"","Df","SumOfSqs","R2","F","Pr..F."
"Group",1,2.11485450703368,0.0177615533139472,21.8981868768826,0.001
"Study",9,7.43198266776759,0.0624173227722578,8.89853842211992,0.001
