"","Df","SumOfSqs","R2","F","Pr..F."
"Group",1,2.02039292950203,0.0148071750715371,18.2460834894441,0.001
"Study",9,17.4635357414908,0.127987792531047,19.6675735181963,0.001
