"","Df","SumOfSqs","R2","F","Pr..F."
"Group",1,2.20706784909418,0.0160856480179983,19.830883660277,0.001
"Study",9,16.9434019164465,0.123487639751217,18.8629660317729,0.001
