"","Df","SumOfSqs","R2","F","Pr..F."
"Group",1,1.03222778968843,0.0118660995750679,15.431044261719,0.001
"Study",9,12.7670350985318,0.146764998260018,24.4063153626224,0.001
