"","Df","SumOfSqs","R2","F","Pr..F."
"Group",1,1.53749889628301,0.018900710647821,24.7553060592745,0.001
"Study",9,0.842001043354843,0.010350848461802,1.48403137113755,0.083
