"","Df","SumOfSqs","R2","F","Pr..F."
"Group",1,1.21302014459525,0.0132586265626973,17.2662620537707,0.001
"Study",9,18.0126044270473,0.196882464470115,34.7837432125542,0.001
