"","Df","SumOfSqs","R2","F","Pr..F."
"Group",1,5.66974884860779,0.0151165377328094,19.7228928404834,0.001
"Study",9,28.7340198883276,0.0766099006244092,11.7719408999903,0.001
