"","Df","SumOfSqs","R2","F","Pr(>F)"
"Study",9,12.0172890152643,0.0292306332622002,4.2723866421842,0.001
"Group",1,3.57692727948354,0.00870045227166767,11.2782066679172,0.001
"Gender",1,0.542031524236576,0.00151750107801196,1.70978331078073,0.008
"Age",1,0.913590341208324,0.00222220037995497,2.86188717500983,0.001
"BMI",1,0.91575444020217,0.00222746429463255,2.86868150422616,0.001
