"","Df","SumOfSqs","R2","F","Pr(>F)"
"Study",9,32.9498527224535,0.0777629365905465,11.9640568649224,0.001
"Group",1,3.07317954687873,0.00725282350268119,9.38796747206916,0.001
"Gender",1,0.512552651211823,0.00139842887645331,1.57543562067492,0.02
"Age",1,0.92275381945009,0.00217773497669336,2.80449689603349,0.001
"BMI",1,2.01029479826937,0.00474437407180272,6.12558273818422,0.001
