"","Df","SumOfSqs","R2","F","Pr..F."
"Group",1,6.4917805309131,0.0185232040082139,24.2515332484274,0.001
"Study",9,8.97799475262203,0.0256171981778473,3.73035708255928,0.001
