"","Df","SumOfSqs","R2","F","Pr..F."
"Group",1,5.73591953215414,0.0155357116813349,20.278429342125,0.001
"Study",9,28.4450115298171,0.0770431829495217,11.8440770177151,0.001
