"","Df","SumOfSqs","R2","F","Pr(>F)"
"Study",9,32.8254882421464,0.0767890037246708,11.8017511287625,0.001
"Group",1,3.05091969538161,0.00713704795871182,9.23703176565229,0.001
"Gender",1,0.512402056253237,0.00138596629165444,1.56137609274439,0.019
"Age",1,0.914719177991323,0.00213981202191589,2.75555481748743,0.001
"BMI",1,2.00623877753018,0.00469321509626601,6.05921861497721,0.001
