"","Df","SumOfSqs","R2","F","Pr(>F)"
"Study",9,32.8834718803694,0.0740256841262889,11.343103031976,0.001
"Group",1,2.97496735594518,0.00669710286609629,8.66379953966209,0.001
"Gender",1,0.544435263202652,0.00141754743147921,1.59700469031093,0.016
"Age",1,0.920911979807536,0.00207311258292177,2.66948380952992,0.001
"BMI",1,2.05017832008201,0.00461526244178484,5.9581104812215,0.001
