"","Df","SumOfSqs","R2","F","Pr(>F)"
"Study",9,33.0523452800796,0.0749985973509095,11.5042719025829,0.001
"Group",1,2.99905046309899,0.00680510191367811,8.80447128345635,0.001
"Gender",1,0.545184606651546,0.00143061377168476,1.61174627956937,0.015
"Age",1,0.929910869771655,0.00211004726905934,2.71714404310905,0.001
"BMI",1,2.05756775425144,0.00466879715238613,6.02754572915232,0.001
