"","Df","SumOfSqs","R2","F","Pr..F."
"Group",1,5.91891129066779,0.0144993066105005,18.9057289553112,0.001
"Study",9,30.497004801794,0.0747072225968822,11.4559683865644,0.001
