"","Df","SumOfSqs","R2","F","Pr..F."
"Group",1,5.80196536950546,0.0140336537036438,18.2899194043707,0.001
"Study",9,31.2087652230372,0.0754870075509872,11.5853078479559,0.001
