"","Df","SumOfSqs","R2","F","Pr(>F)"
"Study",9,12.6283237369333,0.0293678148088869,4.29304393147354,0.001
"Group",1,3.35735758564087,0.00780770733125476,10.1118543197674,0.001
"Gender",1,0.584831680919111,0.00156393437603743,1.76218211022112,0.006
"Age",1,0.941960871918171,0.00219057833961013,2.82107294769269,0.001
"BMI",1,1.05801355413548,0.0024604648067637,3.16949570933937,0.001
