"","Df","SumOfSqs","R2","F","Pr..F."
"Group",1,6.67419071601348,0.0171204476911337,22.3829819548361,0.001
"Study",9,10.1117420305702,0.02593835835186,3.77836954950814,0.001
