"","Df","SumOfSqs","R2","F","Pr..F."
"Group",1,3.62787718960895,0.0084212069570998,10.3186620414477,0.001
"Study",9,118.59918528304,0.275298261769318,50.9458634154515,0.001
