"","Df","SumOfSqs","R2","F","Pr..F."
"Group",1,4.92688321754317,0.0144484919876437,17.7976180142779,0.001
"Study",9,30.5254974946095,0.0895185427572678,13.1748808655593,0.001
