"","Df","SumOfSqs","R2","F","Pr..F."
"Group",1,3.57268775999903,0.00827885725895944,10.1427822158091,0.001
"Study",9,118.44852470029,0.274476387079596,50.7362304816485,0.001
