feature	metadata	value	coef	stderr	N	N.not.0	pval	qval
Phocaeicola_vulgatus	Group	CTR	3.71782922127718	0.95855579973908	26	26	0.000715731611942323	0.115590655328685
Megamonas_funiformis	Group	CTR	6.42544658558621	1.59062857218326	26	15	0.000476754943451151	0.115590655328685
