feature	metadata	value	coef	stderr	N	N.not.0	pval	qval
t__SGB5190	Group	CTR	-0.00360711121964305	0.000973014618901301	101	62	0.000345702898282114	0.182876833191239
