feature	metadata	value	coef	stderr	N	N.not.0	pval	qval
Lachnospiraceae_bacterium	Group	CTR	5.49422322899327	0.771019878957536	23	6	4.99638610864171e-07	0.000142397004096289
Faecalibacillus_intestinalis	Group	CTR	1.75303015433654	0.291132623779283	23	4	5.63088603796129e-06	0.000802401260409484
GGB9453_SGB14844	Group	CTR	1.3142129250476	0.316389190281092	23	3	0.000449839559329068	0.0427347581362615
Clostridium_sp_AF27_2AA	Group	CTR	2.40275599416553	0.644019374609615	23	5	0.001234153175065	0.0879334137233812
