Comparison,KL_Divergence,JS_Divergence,Ratio
target_vs_TL,5.5486376767453365,0.36241136475387564,S0.6
target_vs_Raw,10.113639071129226,0.4830835385812684,S0.6
