Comparison,KL_Divergence,JS_Divergence,Ratio
target_vs_TL,6.0343242441521445,0.33886847394532515,S0.6
target_vs_Raw,9.991660555937873,0.4973601282613069,S0.6
