Comparison,KL_Divergence,JS_Divergence,Ratio
target_vs_TL,3.587632701364561,0.28045824772597333,S0.6
target_vs_Raw,10.113639071129226,0.48308354475261567,S0.6
