Comparison,KL_Divergence,JS_Divergence,Ratio
target_vs_TL,6.432304644628534,0.37405673082687463,S0.6
target_vs_Raw,9.511139244717146,0.48653263935068597,S0.6
