feature	metadata	value	coef	stderr	N	N.not.0	pval	qval
Anaerotignum	Group	CTR	-0.0039273904099903	0.00109846316245574	101	67	0.000542765594392576	0.160658615940203
Mogibacterium	Group	CTR	-0.000431991537749426	0.00013681000612441	101	62	0.00210889166874118	0.208077311315797
Parvimonas	Group	CTR	-0.000303690752355074	9.40546537243721e-05	101	17	0.00168645872773432	0.208077311315797
