feature	metadata	value	coef	stderr	N	N.not.0	pval	qval
Anaerotignum_faecicola	Group	CTR	-0.00360469288129055	0.00097205464597034	101	62	0.000344301150593597	0.173872081049767
