feature	metadata	value	coef	stderr	N	N.not.0	pval	qval
Lachnospira_eligens	Group	CTR	4.32926567286376	0.971412680805272	37	23	8.17762085971304e-05	0.0279674633402186
Clostridium_fessum	Group	CTR	3.88420464094145	0.941698040627942	37	30	0.000217330639974087	0.0371635394355689
