feature	metadata	value	coef	stderr	N	N.not.0	pval	qval
Holdemania_filiformis	Group	CTR	2.5430540102235	0.682584725232871	44	27	0.000575302721212124	0.200205346981819
Clostridium_sp_AF34_10BH	Group	CTR	3.27016537095153	0.940486276336706	44	39	0.00119228722198916	0.207457976626114
