feature	metadata	value	coef	stderr	N	N.not.0	pval	qval
Lachnospiraceae_bacterium	Group	CTR	7.33830696217696	0.465610481071486	17	5	9.63755341291362e-11	2.63105208172542e-08
GGB9453_SGB14844	Group	CTR	1.22847600001525	0.249973990709591	17	3	0.000187018367558437	0.0255280071717267
Faecalibacillus_intestinalis	Group	CTR	1.66603949163248	0.368920951822257	17	3	0.00041003411765753	0.0373131047068353
