Comparison,KL_Divergence,JS_Divergence,Ratio
target_vs_TL,7.872141889132107,0.3727630737094695,S0.3
target_vs_Raw,9.28872942319297,0.47716349458227475,S0.3
