Comparison,KL_Divergence,JS_Divergence,Ratio
target_vs_TL,6.7288251251821825,0.4097478069615688,S0.3
target_vs_Raw,10.200449814188381,0.4903762415223306,S0.3
