Comparison,KL_Divergence,JS_Divergence,Ratio
target_vs_TL,5.48177349739707,0.378655704401762,S0.3
target_vs_Raw,10.200449814188381,0.49037624778208244,S0.3
