Comparison,KL_Divergence,JS_Divergence,Ratio
target_vs_TL,6.553642389243324,0.3411944877718712,S0.3
target_vs_Raw,9.679396808654442,0.48715633624809235,S0.3
