feature	metadata	value	coef	stderr	N	N.not.0	pval	qval
Eubacterium_ventriosum	Group	CTR	0.00137484753227482	0.000349854141249826	893	532	9.16079939119531e-05	0.0315131499057119
Escherichia_coli	Group	CTR	-0.012121567332694	0.00371897393693999	893	610	0.00115884489283989	0.199321321568461
Alistipes_shahii	Group	CTR	-0.00240131099364751	0.000790407718597931	893	578	0.0024504579651302	0.249344592797686
Ruthenibacterium_lactatiformans	Group	CTR	-0.00153001722970673	0.000515957551289492	893	751	0.00310359425109976	0.249344592797686
GGB9453_SGB14844	Group	CTR	-0.000182545272049197	6.25822077439983e-05	893	190	0.00362419466275706	0.249344592797686
