feature	metadata	value	coef	stderr	N	N.not.0	pval	qval
Faecalibacillus_intestinalis	Group	CTR	0.781497481300813	0.145779027563605	20	2	4.28055066792178e-05	0.0114290702833512
Lachnospiraceae_bacterium	Group	CTR	3.71393635496323	0.862798880298632	20	4	0.000426797443974798	0.0514384528402673
Oscillospiraceae_bacterium	Group	CTR	1.91812206775223	0.460208720261	20	4	0.000577960144272667	0.0514384528402673
