feature	metadata	value	coef	stderr	N	N.not.0	pval	qval
Lachnospiraceae_bacterium	Group	CTR	6.62763361699656	0.601080563635261	17	6	1.36198607081956e-08	3.62288294838003e-06
