feature	metadata	value	coef	stderr	N	N.not.0	pval	qval
Clostridium_sp_AF12_28	Group	CTR	-4.14497672822636	0.399091290736169	14	5	2.37493879920223e-07	7.83729803736736e-05
Parabacteroides_merdae	Group	CTR	-3.81328364943293	0.899318142550074	14	9	0.00114706668564856	0.157806890520977
Lachnospira_eligens	Group	CTR	5.88472426137658	1.5772939599384	14	12	0.00286921619129049	0.157806890520977
Waltera_intestinalis	Group	CTR	-5.37869175842608	1.34652735007809	14	9	0.00177924829188573	0.157806890520977
Bacteroides_thetaiotaomicron	Group	CTR	-4.88094626065891	1.25616093997671	14	7	0.00216577814765424	0.157806890520977
Gemmiger_SGB15295	Group	CTR	-6.54403321425692	1.74821674992186	14	7	0.00280522669912132	0.157806890520977
Veillonella_atypica	Group	CTR	-1.13511849601894	0.321311793313204	14	2	0.00412538467379361	0.194482420335985
Phocaeicola_SGB6473	Group	CTR	-3.48753137540593	1.00940381868746	14	4	0.00476050386474343	0.196370784420667
