feature	metadata	value	coef	stderr	N	N.not.0	pval	qval
Desulfovibrio_SGB5077	Group	CTR	2.90618126338197	0.725336294657436	52	19	0.000204778410231996	0.0702389947095746
Clostridium_sp_AF34_10BH	Group	CTR	3.82101292958187	1.02149818842534	52	46	0.000473663421647338	0.0812332768125185
Bacteroides_salyersiae	Group	CTR	-4.95415982624103	1.45058372140984	52	25	0.00127281854592617	0.111322221601302
Megamonas_funiformis	Group	CTR	5.58462759776046	1.63837745371976	52	30	0.00129821832771198	0.111322221601302
Bifidobacterium_adolescentis	Group	CTR	-2.60629330263884	0.80788189709	52	14	0.00221527783077304	0.15196805919103
Clostridium_sp_AF20_17LB	Group	CTR	2.19695346962416	0.71079646211702	52	24	0.00325863622476235	0.186285370848914
GGB4578_SGB6328	Group	CTR	1.30528540892714	0.445136879976814	52	9	0.00506402961407128	0.248137451089493
