feature	metadata	value	coef	stderr	N	N.not.0	pval	qval
Faecalibacillus_intestinalis	Group	CTR	0.869911975654907	0.195748290549534	26	3	0.000170772013305497	0.051231603991649
Lachnospiraceae_bacterium	Group	CTR	4.01914164561722	0.993885908228525	26	6	0.000471595276155943	0.0707392914233914
Oscillospiraceae_bacterium	Group	CTR	1.58709197773697	0.425540523247599	26	5	0.00104037513001698	0.104037513001698
GGB9453_SGB14844	Group	CTR	0.457743159149949	0.129009896400066	26	2	0.00163532309835216	0.122649232376412
Clostridium_sp_AF27_2AA	Group	CTR	1.62923545854459	0.484514072457837	26	5	0.0025841769362552	0.155050616175312
