feature	metadata	value	coef	stderr	N	N.not.0	pval	qval
GGB3256_SGB4303	Group	CTR	4.95607218255021	0.313885798473877	7	4	1.85348245527741e-05	0.0059311438568877
