feature	metadata	value	coef	stderr	N	N.not.0	pval	qval
Anaerotignum_faecicola	Group	CTR	-0.00426103020466346	0.0010835791714263	101	62	0.000156115486122888	0.0788383204920586
