feature	metadata	value	coef	stderr	N	N.not.0	pval	qval
Anaerotignum	Group	CTR	-0.0031981344358403	0.000927220162387476	101	67	0.000827542519822207	0.161523987510406
Parvimonas	Group	CTR	-0.000225040259338921	6.68830322290913e-05	101	17	0.00109137829398923	0.161523987510406
