feature	metadata	value	coef	stderr	N	N.not.0	pval	qval
Fusicatenibacter_saccharivorans	Group	CTR	0.00714744303486669	0.00171482488011327	104	97	6.45337777206365e-05	0.0340093008587754
