feature	metadata	value	coef	stderr	N	N.not.0	pval	qval
Bacteroides_faecis	Group	CTR	7.36796228860928	1.38335507839129	30	6	1.13768009033723e-05	0.00397050351527692
Bacteroides_clarus	Group	CTR	7.74851419618263	1.62992999253405	30	13	5.4350448290284e-05	0.00948415322665457
Blautia_wexlerae	Group	CTR	-4.52314299431409	1.20774984793432	30	30	0.000828687754636192	0.0964040087893437
Blautia_faecis	Group	CTR	-4.63367416411458	1.37628408596324	30	30	0.00222484734356011	0.19411793072562
