feature	metadata	value	coef	stderr	N	N.not.0	pval	qval
Phocaeicola_vulgatus	Group	CTR	2.59686742287627	0.79471635637374	50	50	0.00200718925601866	0.231672630553088
GGB51269_SGB5062	Group	CTR	1.72950408535053	0.545259841619348	50	10	0.00264014393792693	0.231672630553088
Eggerthella_lenta	Group	CTR	3.80775125016736	1.06917320452946	50	30	0.000844716484226064	0.231672630553088
Erysipelatoclostridium_ramosum	Group	CTR	4.17864396483234	1.30597173373518	50	16	0.0024396051204785	0.231672630553088
