Comparison,KL_Divergence,JS_Divergence,Ratio
target_vs_TL,9.612715864436135,0.4588783340578589,S0.2
target_vs_Raw,9.174945501925908,0.4752172463497988,S0.2
