Comparison,KL_Divergence,JS_Divergence,Ratio
target_vs_TL,8.928771006660938,0.398895445626913,S0.2
target_vs_Raw,9.576766791146614,0.4859952563264213,S0.2
