Comparison,KL_Divergence,JS_Divergence,Ratio
target_vs_TL,4.490793410857549,0.38989552062073385,S0.2
target_vs_Raw,10.283243864971189,0.495050765370162,S0.2
