feature	metadata	value	coef	stderr	N	N.not.0	pval	qval
Blautia_faecis	Group	CTR	-13.194272070786	2.55903350558793	14	14	0.000238622896090983	0.0399693350952397
Megamonas_funiformis	Group	CTR	9.00619756010694	1.65503212120738	14	3	0.00014965185294596	0.0399693350952397
Enterocloster_aldenensis	Group	CTR	4.51458408977487	1.14274274353304	14	4	0.00192550826512325	0.215015089605429
