feature	metadata	value	coef	stderr	N	N.not.0	pval	qval
Megamonas_funiformis	Group	CTR	6.23450106773137	1.57275371665416	35	20	0.000372544436415538	0.123684752889959
Phocaeicola_vulgatus	Group	CTR	2.75872916774425	0.904955222109787	35	35	0.00450699076793134	0.218773545308882
GGB9758_SGB15368	Group	CTR	4.01666360607828	1.24491272032073	35	13	0.00282814883238338	0.218773545308882
Desulfovibrio_SGB5077	Group	CTR	2.97367622610963	0.922969547175136	35	13	0.00286282870206793	0.218773545308882
Clostridium_sp_AF34_10BH	Group	CTR	3.86405571997749	1.22089897829081	35	31	0.0033265322846156	0.218773545308882
Bifidobacterium_adolescentis	Group	CTR	-3.07635758020118	0.942704933516649	35	9	0.00256458171662541	0.218773545308882
Dysosmobacter_sp_NSJ_60	Group	CTR	2.53968623547121	0.835558907548781	35	19	0.00461269523241618	0.218773545308882
