Comparison,KL_Divergence,JS_Divergence,Ratio
target_vs_TL,6.199195143079597,0.32795211541113345,S0.4
target_vs_Raw,9.677673384494662,0.48751027577415634,S0.4
