Comparison,KL_Divergence,JS_Divergence,Ratio
target_vs_TL,5.37281045132849,0.3204327146213026,S0.4
target_vs_Raw,10.22757521923805,0.48898177788142055,S0.4
