Comparison,KL_Divergence,JS_Divergence,Ratio
target_vs_TL,6.030060248973366,0.4198012270023785,S0.4
target_vs_Raw,10.22757521923805,0.4889817716450155,S0.4
