feature	metadata	value	coef	stderr	N	N.not.0	pval	qval
Phascolarctobacterium_succinatutens	Group	CTR	-0.00519905877285501	0.00143745315928037	300	113	0.000350109803955078	0.102232062754883
GGB42994_SGB4746	Group	CTR	-0.000521503333635232	0.00016261572416934	300	48	0.00148733084273663	0.217150303039549
